taxonId,taxon
abraxas_grossulariata,Abraxas grossulariata
abraxas_sylvata,Abraxas sylvata
abrostola,Abrostola
abrostola_tripartita,Abrostola tripartita
abrostola_triplasia,Abrostola triplasia
acasis_viretata,Acasis viretata
acentria_ephemerella,Acentria ephemerella
acherontia_atropos,Acherontia atropos
achlya_flavicornis,Achlya flavicornis
achlya_flavicornis_galbanus,Achlya flavicornis galbanus
achlya_flavicornis_scotica,Achlya flavicornis scotica
achroia_grisella,Achroia grisella
acleris,Acleris
acleris_aspersana,Acleris aspersana
acleris_bergmanniana,Acleris bergmanniana
acleris_caledoniana,Acleris caledoniana
acleris_comariana,Acleris comariana
acleris_cristana,Acleris cristana
acleris_effractana,Acleris effractana
acleris_emargana,Acleris emargana
acleris_ferrugana,Acleris ferrugana
acleris_ferrugana_notana,Acleris ferrugana/notana
acleris_forsskaleana,Acleris forsskaleana
acleris_hastiana,Acleris hastiana
acleris_holmiana,Acleris holmiana
acleris_hyemana,Acleris hyemana
acleris_kochiella,Acleris kochiella
acleris_laterana,Acleris laterana
acleris_laterana_comariana,Acleris laterana/comariana
acleris_lipsiana,Acleris lipsiana
acleris_literana,Acleris literana
acleris_notana,Acleris notana
acleris_rhombana,Acleris rhombana
acleris_rufana,Acleris rufana
acleris_schalleriana,Acleris schalleriana
acleris_shepherdana,Acleris shepherdana
acleris_sparsana,Acleris sparsana
acleris_variegana,Acleris variegana
acompsia_cinerella,Acompsia cinerella
acrobasis,Acrobasis
acrobasis_advenella,Acrobasis advenella
acrobasis_consociella,Acrobasis consociella
acrobasis_marmorea,Acrobasis marmorea
acrobasis_repandana,Acrobasis repandana
acrobasis_suavella,Acrobasis suavella
acrolepia_autumnitella,Acrolepia autumnitella
acronicta,Acronicta
acronicta_alni,Acronicta alni
acronicta_leporina,Acronicta leporina
acronicta_menyanthidis,Acronicta menyanthidis
acronicta_menyanthidis_menyanthidis,Acronicta menyanthidis menyanthidis
acronicta_psi,Acronicta psi
acronicta_psi_tridens,Acronicta psi/tridens
acronicta_rumicis,Acronicta rumicis
acronicta_tridens,Acronicta tridens
acronictinae,Acronictinae
actebia_praecox,Actebia praecox
adaina_microdactyla,Adaina microdactyla
adela_croesella,Adela croesella
adela_cuprella,Adela cuprella
adela_reaumurella,Adela reaumurella
adscita_geryon,Adscita geryon
adscita_statices,Adscita statices
adscita_statices_statices,Adscita statices statices
aethalura_punctulata,Aethalura punctulata
aethes_cnicana,Aethes cnicana
aethes_francillana,Aethes francillana
aethes_piercei,Aethes piercei
aethes_rubigana,Aethes rubigana
aethes_smeathmanniana,Aethes smeathmanniana
agapeta,Agapeta
agapeta_hamana,Agapeta hamana
agapeta_zoegana,Agapeta zoegana
aglossa_pinguinalis,Aglossa pinguinalis
agnoea_josephinae,Agnoea josephinae
agonopterix,Agonopterix
agonopterix_alstromeriana,Agonopterix alstromeriana
agonopterix_angelicella,Agonopterix angelicella
agonopterix_arenella,Agonopterix arenella
agonopterix_assimilella,Agonopterix assimilella
agonopterix_atomella,Agonopterix atomella
agonopterix_carduella,Agonopterix carduella
agonopterix_ciliella,Agonopterix ciliella
agonopterix_conterminella,Agonopterix conterminella
agonopterix_heracliana,Agonopterix heracliana
agonopterix_kaekeritziana,Agonopterix kaekeritziana
agonopterix_liturosa,Agonopterix liturosa
agonopterix_nanatella,Agonopterix nanatella
agonopterix_nervosa,Agonopterix nervosa
agonopterix_ocellana,Agonopterix ocellana
agonopterix_propinquella,Agonopterix propinquella
agonopterix_purpurea,Agonopterix purpurea
agonopterix_subpropinquella,Agonopterix subpropinquella
agonopterix_umbellana,Agonopterix umbellana
agonopterix_yeatiana,Agonopterix yeatiana
agriopis_aurantiaria,Agriopis aurantiaria
agriopis_leucophaearia,Agriopis leucophaearia
agriopis_marginaria,Agriopis marginaria
agriopis_marginaria_ab__fuscata,Agriopis marginaria ab. fuscata
agriphila,Agriphila
agriphila_geniculea,Agriphila geniculea
agriphila_inquinatella,Agriphila inquinatella
agriphila_latistria,Agriphila latistria
agriphila_selasella,Agriphila selasella
agriphila_straminella,Agriphila straminella
agriphila_tristella,Agriphila tristella
agrius_convolvuli,Agrius convolvuli
agrochola_lychnidis,Agrochola lychnidis
agrotis_cinerea,Agrotis cinerea
agrotis_clavis,Agrotis clavis
agrotis_exclamationis,Agrotis exclamationis
agrotis_ipsilon,Agrotis ipsilon
agrotis_puta,Agrotis puta
agrotis_puta_puta,Agrotis puta puta
agrotis_ripae,Agrotis ripae
agrotis_segetum,Agrotis segetum
agrotis_trux,Agrotis trux
agrotis_trux_lunigera,Agrotis trux lunigera
agrotis_vestigialis,Agrotis vestigialis
alcis_jubata,Alcis jubata
alcis_repandata,Alcis repandata
alcis_repandata_muraria,Alcis repandata muraria
alcis_repandata_repandata,Alcis repandata repandata
aleimma_loeflingiana,Aleimma loeflingiana
allophyes_oxyacanthae,Allophyes oxyacanthae
alsophila_aescularia,Alsophila aescularia
altenia_scriptella,Altenia scriptella
alucita_hexadactyla,Alucita hexadactyla
alucitidae,Alucitidae
amblyptilia_acanthadactyla,Amblyptilia acanthadactyla
amblyptilia_punctidactyla,Amblyptilia punctidactyla
amphipoea,Amphipoea
amphipoea_crinanensis,Amphipoea crinanensis
amphipoea_fucosa,Amphipoea fucosa
amphipoea_lucens,Amphipoea lucens
amphipoea_oculea,Amphipoea oculea
amphipoea_oculea_agg_,Amphipoea oculea agg.
amphipyra,Amphipyra
amphipyra_berbera,Amphipyra berbera
amphipyra_berbera_berbera,Amphipyra berbera berbera
amphipyra_berbera_svenssoni,Amphipyra berbera svenssoni
amphipyra_pyramidea,Amphipyra pyramidea
amphipyra_pyramidea_agg_,Amphipyra pyramidea agg.
amphipyra_pyramidea_berbera_subsp__svenssoni,Amphipyra pyramidea/berbera subsp. svenssoni
amphipyra_tragopoginis,Amphipyra tragopoginis
amphisbatis_incongruella,Amphisbatis incongruella
anacampsis_blattariella,Anacampsis blattariella
anacampsis_populella,Anacampsis populella
anania_coronata,Anania coronata
anania_crocealis,Anania crocealis
anania_funebris,Anania funebris
anania_fuscalis,Anania fuscalis
anania_hortulata,Anania hortulata
anania_lancealis,Anania lancealis
anania_perlucidalis,Anania perlucidalis
anania_terrealis,Anania terrealis
anaplectoides_prasina,Anaplectoides prasina
anarsia_spartiella,Anarsia spartiella
anarta_myrtilli,Anarta myrtilli
anarta_trifolii,Anarta trifolii
anchoscelis_helvola,Anchoscelis helvola
anchoscelis_litura,Anchoscelis litura
anchoscelis_lunosa,Anchoscelis lunosa
ancylis_achatana,Ancylis achatana
ancylis_apicella,Ancylis apicella
ancylis_badiana,Ancylis badiana
ancylis_diminutana,Ancylis diminutana
ancylis_geminana,Ancylis geminana
ancylis_laetana,Ancylis laetana
ancylis_mitterbacheriana,Ancylis mitterbacheriana
ancylis_myrtillana,Ancylis myrtillana
ancylis_uncella,Ancylis uncella
ancylis_unguicella,Ancylis unguicella
anerastia_lotella,Anerastia lotella
anorthoa_munda,Anorthoa munda
anthophila_fabriciana,Anthophila fabriciana
anticlea_derivata,Anticlea derivata
antispila_metallella,Antispila metallella
antitype_chi,Antitype chi
apamea_anceps,Apamea anceps
apamea_crenata,Apamea crenata
apamea_crenata_ab__combusta,Apamea crenata ab. combusta
apamea_epomidion,Apamea epomidion
apamea_exulis,Apamea exulis
apamea_exulis_subsp__assimilis,Apamea exulis subsp. assimilis
apamea_furva,Apamea furva
apamea_furva_britannica,Apamea furva britannica
apamea_furva_subsp__britannica,Apamea furva subsp. britannica
apamea_lithoxylaea,Apamea lithoxylaea
apamea_monoglypha,Apamea monoglypha
apamea_oblonga,Apamea oblonga
apamea_remissa,Apamea remissa
apamea_scolopacina,Apamea scolopacina
apamea_sordens,Apamea sordens
apamea_sublustris,Apamea sublustris
apamea_unanimis,Apamea unanimis
apeira_syringaria,Apeira syringaria
aphelia_viburnana,Aphelia viburnana
aphomia_sociella,Aphomia sociella
aplocera_efformata,Aplocera efformata
aplocera_plagiata,Aplocera plagiata
aplocera_plagiata_plagiata,Aplocera plagiata plagiata
apocheima_hispidaria,Apocheima hispidaria
apodia_bifractella,Apodia bifractella
apomyelois_bistriatella,Apomyelois bistriatella
apomyelois_bistriatella_subsp__neophanes,Apomyelois bistriatella subsp. neophanes
aporophyla,Aporophyla
aporophyla_lueneburgensis,Aporophyla lueneburgensis
aporophyla_lutulenta,Aporophyla lutulenta
aporophyla_nigra,Aporophyla nigra
apotomis_betuletana,Apotomis betuletana
apotomis_capreana,Apotomis capreana
apotomis_lineana,Apotomis lineana
apotomis_sauciana,Apotomis sauciana
apotomis_semifasciana,Apotomis semifasciana
apotomis_sororculana,Apotomis sororculana
apotomis_turbidana,Apotomis turbidana
aproaerema_anthyllidella,Aproaerema anthyllidella
aproaerema_cinctella,Aproaerema cinctella
aproaerema_sangiella,Aproaerema sangiella
aproaerema_taeniolella,Aproaerema taeniolella
apterogenum_ypsillon,Apterogenum ypsillon
archanara_dissoluta,Archanara dissoluta
archiearis_parthenias,Archiearis parthenias
archips_podana,Archips podana
archips_rosana,Archips rosana
archips_xylosteana,Archips xylosteana
arctia_caja,Arctia caja
arctiinae,Arctiinae
arenostola_phragmitidis,Arenostola phragmitidis
argyresthia,Argyresthia
argyresthia__blastotere_,Argyresthia (Blastotere)
argyresthia_albistria,Argyresthia albistria
argyresthia_arceuthina,Argyresthia arceuthina
argyresthia_aurulentella,Argyresthia aurulentella
argyresthia_bonnetella,Argyresthia bonnetella
argyresthia_brockeella,Argyresthia brockeella
argyresthia_conjugella,Argyresthia conjugella
argyresthia_conjugella_form_aerariella,Argyresthia conjugella form aerariella
argyresthia_cupressella,Argyresthia cupressella
argyresthia_curvella,Argyresthia curvella
argyresthia_dilectella,Argyresthia dilectella
argyresthia_glabratella,Argyresthia glabratella
argyresthia_glaucinella,Argyresthia glaucinella
argyresthia_goedartella,Argyresthia goedartella
argyresthia_ivella,Argyresthia ivella
argyresthia_laevigatella,Argyresthia laevigatella
argyresthia_pruniella,Argyresthia pruniella
argyresthia_pygmaeella,Argyresthia pygmaeella
argyresthia_retinella,Argyresthia retinella
argyresthia_semifusca,Argyresthia semifusca
argyresthia_semitestacella,Argyresthia semitestacella
argyresthia_sorbiella,Argyresthia sorbiella
argyresthia_spinosella,Argyresthia spinosella
argyresthia_trifasciata,Argyresthia trifasciata
argyrotaenia_ljungiana,Argyrotaenia ljungiana
aristotelia_ericinella,Aristotelia ericinella
aroga_velocella,Aroga velocella
aspilapteryx_tringipennella,Aspilapteryx tringipennella
asteroscopus_sphinx,Asteroscopus sphinx
asthena_albulata,Asthena albulata
atethmia_centrago,Atethmia centrago
athetis_pallustris,Athetis pallustris
athrips_mouffetella,Athrips mouffetella
atolmis_rubricollis,Atolmis rubricollis
autographa_bractea,Autographa bractea
autographa_gamma,Autographa gamma
autographa_jota,Autographa jota
autographa_pulchrina,Autographa pulchrina
axylia_putris,Axylia putris
bactra,Bactra
bactra_furfurana,Bactra furfurana
bactra_lacteana,Bactra lacteana
bactra_lancealana,Bactra lancealana
bactra_robustana,Bactra robustana
batrachedra_pinicolella,Batrachedra pinicolella
batrachedra_praeangusta,Batrachedra praeangusta
bedellia_somnulentella,Bedellia somnulentella
bena_bicolorana,Bena bicolorana
biston_betularia,Biston betularia
biston_betularia_form_carbonaria,Biston betularia form carbonaria
biston_betularia_form_insularia,Biston betularia form insularia
biston_betularia_form_typica,Biston betularia form typica
biston_strataria,Biston strataria
blastobasis,Blastobasis
blastobasis_adustella,Blastobasis adustella
blastobasis_lacticolella,Blastobasis lacticolella
blastodacna_hellerella,Blastodacna hellerella
bohemannia_pulverosella,Bohemannia pulverosella
bohemannia_quadrimaculella,Bohemannia quadrimaculella
borkhausenia_fuscescens,Borkhausenia fuscescens
brachmia_blandella,Brachmia blandella
brachylomia_viminalis,Brachylomia viminalis
bryophila_domestica,Bryophila domestica
bryotropha,Bryotropha
bryotropha_affinis,Bryotropha affinis
bryotropha_boreella,Bryotropha boreella
bryotropha_desertella,Bryotropha desertella
bryotropha_domestica,Bryotropha domestica
bryotropha_galbanella,Bryotropha galbanella
bryotropha_politella,Bryotropha politella
bryotropha_senectella,Bryotropha senectella
bryotropha_similis,Bryotropha similis
bryotropha_terrella,Bryotropha terrella
bryotropha_umbrosella,Bryotropha umbrosella
bucculatrix_bechsteinella,Bucculatrix bechsteinella
bucculatrix_cidarella,Bucculatrix cidarella
bucculatrix_cristatella,Bucculatrix cristatella
bucculatrix_demaryella,Bucculatrix demaryella
bucculatrix_frangutella,Bucculatrix frangutella
bucculatrix_maritima,Bucculatrix maritima
bucculatrix_nigricomella,Bucculatrix nigricomella
bucculatrix_thoracella,Bucculatrix thoracella
bucculatrix_ulmella,Bucculatrix ulmella
bupalus_piniaria,Bupalus piniaria
cabera_exanthemata,Cabera exanthemata
cabera_pusaria,Cabera pusaria
cacoecimorpha_pronubana,Cacoecimorpha pronubana
calamotropha_paludella,Calamotropha paludella
callimorpha_dominula,Callimorpha dominula
callistege,Callistege
callistege_mi,Callistege mi
callisto_denticulella,Callisto denticulella
calliteara_pudibunda,Calliteara pudibunda
caloptilia,Caloptilia
caloptilia_alchimiella,Caloptilia alchimiella
caloptilia_azaleella,Caloptilia azaleella
caloptilia_betulicola,Caloptilia betulicola
caloptilia_cuculipennella,Caloptilia cuculipennella
caloptilia_elongella,Caloptilia elongella
caloptilia_rufipennella,Caloptilia rufipennella
caloptilia_stigmatella,Caloptilia stigmatella
calybites_phasianipennella,Calybites phasianipennella
cameraria_ohridella,Cameraria ohridella
campaea_margaritaria,Campaea margaritaria
camptogramma_bilineata,Camptogramma bilineata
camptogramma_bilineata_subsp__bilineata,Camptogramma bilineata subsp. bilineata
camptogramma_bilineata_subsp__hibernica,Camptogramma bilineata subsp. hibernica
capperia_britanniodactylus,Capperia britanniodactylus
capua_vulgana,Capua vulgana
caradrina_clavipalpis,Caradrina clavipalpis
caradrina_morpheus,Caradrina morpheus
carcina_quercana,Carcina quercana
carpatolechia_alburnella,Carpatolechia alburnella
carpatolechia_decorella,Carpatolechia decorella
carpatolechia_fugitivella,Carpatolechia fugitivella
carpatolechia_notatella,Carpatolechia notatella
carpatolechia_proximella,Carpatolechia proximella
carsia_sororiata,Carsia sororiata
carsia_sororiata_anglica,Carsia sororiata anglica
caryocolum,Caryocolum
caryocolum_blandella,Caryocolum blandella
caryocolum_fraternella,Caryocolum fraternella
caryocolum_marmorea,Caryocolum marmorea
caryocolum_tricolorella,Caryocolum tricolorella
cataclysta_lemnata,Cataclysta lemnata
catocala_fraxini,Catocala fraxini
catocala_nupta,Catocala nupta
catoptria_falsella,Catoptria falsella
catoptria_furcatellus,Catoptria furcatellus
catoptria_margaritella,Catoptria margaritella
catoptria_margaritella_subsp__margaritella,Catoptria margaritella subsp. margaritella
catoptria_pinella,Catoptria pinella
cauchas_fibulella,Cauchas fibulella
cauchas_rufimitrella,Cauchas rufimitrella
cedestis_gysseleniella,Cedestis gysseleniella
cedestis_subfasciella,Cedestis subfasciella
celaena,Celaena
celaena_haworthii,Celaena haworthii
celypha_cespitana,Celypha cespitana
celypha_lacunana,Celypha lacunana
celypha_rivulana,Celypha rivulana
celypha_rosaceana,Celypha rosaceana
celypha_rufana,Celypha rufana
celypha_striana,Celypha striana
ceramica_pisi,Ceramica pisi
cerapteryx_graminis,Cerapteryx graminis
cerastis_leucographa,Cerastis leucographa
cerastis_rubricosa,Cerastis rubricosa
cerura_vinula,Cerura vinula
charanyca_trigrammica,Charanyca trigrammica
charissa_obscurata,Charissa obscurata
chesias_legatella,Chesias legatella
chesias_rufata,Chesias rufata
chesias_rufata_rufata,Chesias rufata rufata
chiasmia_clathrata,Chiasmia clathrata
chiasmia_clathrata_clathrata,Chiasmia clathrata clathrata
chilo_phragmitella,Chilo phragmitella
chilodes_maritima,Chilodes maritima
chionodes_distinctella,Chionodes distinctella
chlorissa_viridata,Chlorissa viridata
chloroclysta,Chloroclysta
chloroclysta_miata,Chloroclysta miata
chloroclysta_siterata,Chloroclysta siterata
chloroclysta_truncata_citrata,Chloroclysta truncata/citrata
chloroclystis_v_ata,Chloroclystis v-ata
choreutis_pariana,Choreutis pariana
choristoneura_diversana,Choristoneura diversana
choristoneura_hebenstreitella,Choristoneura hebenstreitella
chrysoclista_linneella,Chrysoclista linneella
chrysodeixis_chalcites,Chrysodeixis chalcites
chrysoesthia_sexguttella,Chrysoesthia sexguttella
chrysoteuchia_culmella,Chrysoteuchia culmella
cidaria_fulvata,Cidaria fulvata
cilix_glaucata,Cilix glaucata
cirrhia_gilvago,Cirrhia gilvago
cirrhia_icteritia,Cirrhia icteritia
clavigesta_purdeyi,Clavigesta purdeyi
cleora_cinctaria,Cleora cinctaria
cleorodes_lichenaria,Cleorodes lichenaria
clepsis_consimilana,Clepsis consimilana
clepsis_senecionana,Clepsis senecionana
clepsis_spectrana,Clepsis spectrana
clostera_curtula,Clostera curtula
clostera_pigra,Clostera pigra
cnephasia,Cnephasia
cnephasia_asseclana,Cnephasia asseclana
cnephasia_communana,Cnephasia communana
cnephasia_conspersana,Cnephasia conspersana
cnephasia_incertana,Cnephasia incertana
cnephasia_longana,Cnephasia longana
cnephasia_pasiuana,Cnephasia pasiuana
cnephasia_stephensiana,Cnephasia stephensiana
cochylichroa_atricapitana,Cochylichroa atricapitana
cochylidia_implicitana,Cochylidia implicitana
cochylidia_rupicola,Cochylidia rupicola
cochylimorpha,Cochylimorpha
cochylimorpha_straminea,Cochylimorpha straminea
coenobia_rufa,Coenobia rufa
coenocalpe,Coenocalpe
coenophila_subrosea,Coenophila subrosea
coenotephria_salicata,Coenotephria salicata
coenotephria_salicata_salicata,Coenotephria salicata salicata
coleophora,Coleophora
coleophora_adjectella,Coleophora adjectella
coleophora_albicosta,Coleophora albicosta
coleophora_albidella,Coleophora albidella
coleophora_alticolella,Coleophora alticolella
coleophora_alticolella_glaucicolella,Coleophora alticolella/glaucicolella
coleophora_anatipennella,Coleophora anatipennella
coleophora_argentula,Coleophora argentula
coleophora_caespititiella,Coleophora caespititiella
coleophora_deauratella,Coleophora deauratella
coleophora_discordella,Coleophora discordella
coleophora_flavipennella,Coleophora flavipennella
coleophora_fuscocuprella,Coleophora fuscocuprella
coleophora_glaucicolella,Coleophora glaucicolella
coleophora_gryphipennella,Coleophora gryphipennella
coleophora_juncicolella,Coleophora juncicolella
coleophora_laricella,Coleophora laricella
coleophora_lineolea,Coleophora lineolea
coleophora_lixella,Coleophora lixella
coleophora_lusciniaepennella,Coleophora lusciniaepennella
coleophora_lutipennella,Coleophora lutipennella
coleophora_maritimella,Coleophora maritimella
coleophora_mayrella,Coleophora mayrella
coleophora_milvipennis,Coleophora milvipennis
coleophora_otidipennella,Coleophora otidipennella
coleophora_paripennella,Coleophora paripennella
coleophora_peribenanderi,Coleophora peribenanderi
coleophora_pyrrhulipennella,Coleophora pyrrhulipennella
coleophora_saxicolella,Coleophora saxicolella
coleophora_serratella,Coleophora serratella
coleophora_spinella,Coleophora spinella
coleophora_striatipennella,Coleophora striatipennella
coleophora_taeniipennella,Coleophora taeniipennella
coleophora_tamesis,Coleophora tamesis
coleophora_trifolii,Coleophora trifolii
coleophora_violacea,Coleophora violacea
coleophora_virgaureae,Coleophora virgaureae
colocasia_coryli,Colocasia coryli
colostygia_multistrigaria,Colostygia multistrigaria
colostygia_olivata,Colostygia olivata
colostygia_pectinataria,Colostygia pectinataria
colotois_pennaria,Colotois pennaria
comibaena_bajularia,Comibaena bajularia
conistra_ligula,Conistra ligula
conistra_vaccinii,Conistra vaccinii
coptotriche_marginea,Coptotriche marginea
cosmia_affinis,Cosmia affinis
cosmia_diffinis,Cosmia diffinis
cosmia_trapezina,Cosmia trapezina
cosmorhoe_ocellata,Cosmorhoe ocellata
cossus_cossus,Cossus cossus
crambidae,Crambidae
crambus,Crambus
crambus_ericella,Crambus ericella
crambus_hamella,Crambus hamella
crambus_lathoniellus,Crambus lathoniellus
crambus_pascuella,Crambus pascuella
crambus_perlella,Crambus perlella
crambus_pratella,Crambus pratella
crambus_uliginosellus,Crambus uliginosellus
craniophora_ligustri,Craniophora ligustri
crassa_unitella,Crassa unitella
crocallis_elinguaria,Crocallis elinguaria
crocidosema_plebejana,Crocidosema plebejana
cryptoblabes_bistriga,Cryptoblabes bistriga
cucullia_asteris,Cucullia asteris
cucullia_chamomillae,Cucullia chamomillae
cucullia_umbratica,Cucullia umbratica
cucullia_verbasci,Cucullia verbasci
cybosia_mesomella,Cybosia mesomella
cyclophora_albipunctata,Cyclophora albipunctata
cyclophora_annularia,Cyclophora annularia
cyclophora_linearia,Cyclophora linearia
cyclophora_punctaria,Cyclophora punctaria
cydalima_perspectalis,Cydalima perspectalis
cydia_coniferana,Cydia coniferana
cydia_cosmophorana,Cydia cosmophorana
cydia_fagiglandana,Cydia fagiglandana
cydia_nigricana,Cydia nigricana
cydia_pomonella,Cydia pomonella
cydia_splendana,Cydia splendana
cydia_ulicetana,Cydia ulicetana
cymatophorina_diluta,Cymatophorina diluta
cymatophorina_diluta_hartwiegi,Cymatophorina diluta hartwiegi
dahlica_lichenella,Dahlica lichenella
daphnis_nerii,Daphnis nerii
dasypolia_templi,Dasypolia templi
deilephila_elpenor,Deilephila elpenor
deilephila_porcellus,Deilephila porcellus
deileptenia_ribeata,Deileptenia ribeata
delplanqueia_dilutella,Delplanqueia dilutella
deltote_uncula,Deltote uncula
denisia_similella,Denisia similella
denisia_subaquilea,Denisia subaquilea
denticucullus_pygmina,Denticucullus pygmina
depressaria_badiella,Depressaria badiella
depressaria_daucella,Depressaria daucella
depressaria_pulcherrimella,Depressaria pulcherrimella
depressaria_radiella,Depressaria radiella
depressaria_sordidatella,Depressaria sordidatella
diachrysia_chrysitis,Diachrysia chrysitis
diachrysia_stenochrysis,Diachrysia stenochrysis
diacrisia_sannio,Diacrisia sannio
diaphora_mendica,Diaphora mendica
diarsia_brunnea,Diarsia brunnea
diarsia_dahlii,Diarsia dahlii
diarsia_florida,Diarsia florida
diarsia_mendica,Diarsia mendica
diarsia_mendica_mendica,Diarsia mendica mendica
diarsia_rubi,Diarsia rubi
dicallomera_fascelina,Dicallomera fascelina
dichomeris_marginella,Dichomeris marginella
dichrorampha,Dichrorampha
dichrorampha_acuminatana,Dichrorampha acuminatana
dichrorampha_aeratana,Dichrorampha aeratana
dichrorampha_alpestrana,Dichrorampha alpestrana
dichrorampha_alpinana,Dichrorampha alpinana
dichrorampha_petiverella,Dichrorampha petiverella
dichrorampha_plumbagana,Dichrorampha plumbagana
dichrorampha_plumbana,Dichrorampha plumbana
dichrorampha_simpliciana,Dichrorampha simpliciana
digitivalva_pulicariae,Digitivalva pulicariae
diloba_caeruleocephala,Diloba caeruleocephala
dioryctria_abietella,Dioryctria abietella
dioryctria_schuetzeella,Dioryctria schuetzeella
dioryctria_simplicella,Dioryctria simplicella
dioryctria_sylvestrella,Dioryctria sylvestrella
diplodoma_laichartingella,Diplodoma laichartingella
ditula,Ditula
ditula_angustiorana,Ditula angustiorana
diurnea_fagella,Diurnea fagella
diurnea_lipsiella,Diurnea lipsiella
donacaula_forficella,Donacaula forficella
donacaula_mucronella,Donacaula mucronella
drepana_curvatula,Drepana curvatula
drepana_falcataria,Drepana falcataria
drepana_falcataria_subsp__falcataria,Drepana falcataria subsp. falcataria
drepana_falcataria_subsp__scotica,Drepana falcataria subsp. scotica
drymonia_dodonaea,Drymonia dodonaea
drymonia_ruficornis,Drymonia ruficornis
dryobotodes_eremita,Dryobotodes eremita
duponchelia_fovealis,Duponchelia fovealis
dypterygia_scabriuscula,Dypterygia scabriuscula
dyscia_fagaria,Dyscia fagaria
dyseriocrania_subpurpurella,Dyseriocrania subpurpurella
dysstroma,Dysstroma
dysstroma_citrata,Dysstroma citrata
dysstroma_citrata_citrata,Dysstroma citrata citrata
dysstroma_truncata,Dysstroma truncata
dysstroma_truncata_truncata,Dysstroma truncata truncata
eana_argentana,Eana argentana
eana_incanana,Eana incanana
eana_osseana,Eana osseana
eana_penziana,Eana penziana
eana_penziana_colquhounana,Eana penziana colquhounana
eana_penziana_subsp__bellana,Eana penziana subsp. bellana
earophila_badiata,Earophila badiata
ecliptopera,Ecliptopera
ecliptopera_silaceata,Ecliptopera silaceata
ectoedemia,Ectoedemia
ectoedemia_albifasciella,Ectoedemia albifasciella
ectoedemia_angulifasciella,Ectoedemia angulifasciella
ectoedemia_arcuatella,Ectoedemia arcuatella
ectoedemia_argyropeza,Ectoedemia argyropeza
ectoedemia_atricollis,Ectoedemia atricollis
ectoedemia_intimella,Ectoedemia intimella
ectoedemia_minimella,Ectoedemia minimella
ectoedemia_occultella,Ectoedemia occultella
ectoedemia_rubivora,Ectoedemia rubivora
ectoedemia_subbimaculella,Ectoedemia subbimaculella
ectropis,Ectropis
ectropis_crepuscularia,Ectropis crepuscularia
eilema_complana,Eilema complana
eilema_complana_form_sericea,Eilema complana form sericea
eilema_depressa,Eilema depressa
eilema_griseola,Eilema griseola
eilema_griseola_ab__stramineola,Eilema griseola ab. stramineola
eilema_lurideola,Eilema lurideola
eilema_sororcula,Eilema sororcula
elachista_adscitella,Elachista adscitella
elachista_albidella,Elachista albidella
elachista_albifrontella,Elachista albifrontella
elachista_alpinella,Elachista alpinella
elachista_argentella,Elachista argentella
elachista_atricomella,Elachista atricomella
elachista_biatomella,Elachista biatomella
elachista_bisulcella,Elachista bisulcella
elachista_canapennella,Elachista canapennella
elachista_freyerella,Elachista freyerella
elachista_gangabella,Elachista gangabella
elachista_gleichenella,Elachista gleichenella
elachista_humilis,Elachista humilis
elachista_kilmunella,Elachista kilmunella
elachista_luticomella,Elachista luticomella
elachista_maculicerusella,Elachista maculicerusella
elachista_obliquella,Elachista obliquella
elachista_rufocinerea,Elachista rufocinerea
elachista_serricornis,Elachista serricornis
elachista_subalbidella,Elachista subalbidella
elachista_triatomea,Elachista triatomea
electrophaes_corylata,Electrophaes corylata
elegia_similella,Elegia similella
elophila_nymphaeata,Elophila nymphaeata
ematurga,Ematurga
ematurga_atomaria,Ematurga atomaria
ematurga_atomaria_form_minuta,Ematurga atomaria form minuta
ematurga_atomaria_subsp__atomaria,Ematurga atomaria subsp. atomaria
emmelina_monodactyla,Emmelina monodactyla
enargia_paleacea,Enargia paleacea
enarmonia_formosana,Enarmonia formosana
endothenia_ericetana,Endothenia ericetana
endothenia_gentianaeana,Endothenia gentianaeana
endothenia_quadrimaculana,Endothenia quadrimaculana
endotricha_flammealis,Endotricha flammealis
endrosis,Endrosis
endrosis_sarcitrella,Endrosis sarcitrella
ennomos_alniaria,Ennomos alniaria
ennomos_erosaria,Ennomos erosaria
ennomos_fuscantaria,Ennomos fuscantaria
ennomos_quercinaria,Ennomos quercinaria
entephria_caesiata,Entephria caesiata
entephria_flavicinctata,Entephria flavicinctata
epagoge_grotiana,Epagoge grotiana
epermenia_chaerophyllella,Epermenia chaerophyllella
ephestia_elutella,Ephestia elutella
ephestia_kuehniella,Ephestia kuehniella
epiblema,Epiblema
epiblema_cirsiana,Epiblema cirsiana
epiblema_costipunctana,Epiblema costipunctana
epiblema_foenella,Epiblema foenella
epiblema_scutulana,Epiblema scutulana
epiblema_sticticana,Epiblema sticticana
epiblema_turbidana,Epiblema turbidana
epinotia,Epinotia
epinotia_abbreviana,Epinotia abbreviana
epinotia_bilunana,Epinotia bilunana
epinotia_brunnichana,Epinotia brunnichana
epinotia_caprana,Epinotia caprana
epinotia_cruciana,Epinotia cruciana
epinotia_demarniana,Epinotia demarniana
epinotia_immundana,Epinotia immundana
epinotia_maculana,Epinotia maculana
epinotia_mercuriana,Epinotia mercuriana
epinotia_nanana,Epinotia nanana
epinotia_nisella,Epinotia nisella
epinotia_ramella,Epinotia ramella
epinotia_rubiginosana,Epinotia rubiginosana
epinotia_signatana,Epinotia signatana
epinotia_solandriana,Epinotia solandriana
epinotia_sordidana,Epinotia sordidana
epinotia_subocellana,Epinotia subocellana
epinotia_tedella,Epinotia tedella
epinotia_tenerana,Epinotia tenerana
epinotia_tetraquetrana,Epinotia tetraquetrana
epinotia_trigonella,Epinotia trigonella
epione_repandaria,Epione repandaria
epione_vespertaria,Epione vespertaria
epiphyas_postvittana,Epiphyas postvittana
epirrhoe,Epirrhoe
epirrhoe_alternata,Epirrhoe alternata
epirrhoe_alternata_alternata,Epirrhoe alternata alternata
epirrhoe_galiata,Epirrhoe galiata
epirrhoe_rivata,Epirrhoe rivata
epirrhoe_tristata,Epirrhoe tristata
epirrita,Epirrita
epirrita_autumnata,Epirrita autumnata
epirrita_christyi,Epirrita christyi
epirrita_dilutata,Epirrita dilutata
epirrita_dilutata_agg_,Epirrita dilutata agg.
epirrita_filigrammaria,Epirrita filigrammaria
erannis_defoliaria,Erannis defoliaria
eriocrania_cicatricella,Eriocrania cicatricella
eriocrania_salopiella,Eriocrania salopiella
eriocrania_sangii,Eriocrania sangii
eriocrania_semipurpurella,Eriocrania semipurpurella
eriocrania_sparrmannella,Eriocrania sparrmannella
eriocrania_unimaculella,Eriocrania unimaculella
eriocraniidae,Eriocraniidae
eriogaster_lanestris,Eriogaster lanestris
eriopsela_quadrana,Eriopsela quadrana
esperia_sulphurella,Esperia sulphurella
eublemma_ostrina,Eublemma ostrina
eublemma_parva,Eublemma parva
euchoeca_nebulata,Euchoeca nebulata
euclidia_glyphica,Euclidia glyphica
eucosma_aspidiscana,Eucosma aspidiscana
eucosma_campoliliana,Eucosma campoliliana
eucosma_cana,Eucosma cana
eucosma_hohenwartiana,Eucosma hohenwartiana
eucosma_lacteana,Eucosma lacteana
eucosma_obumbratana,Eucosma obumbratana
eucosma_tripoliana,Eucosma tripoliana
eudemis_profundana,Eudemis profundana
eudonia,Eudonia
eudonia_angustea,Eudonia angustea
eudonia_delunella,Eudonia delunella
eudonia_lacustrata,Eudonia lacustrata
eudonia_lineola,Eudonia lineola
eudonia_mercurella,Eudonia mercurella
eudonia_murana,Eudonia murana
eudonia_pallida,Eudonia pallida
eudonia_truncicolella,Eudonia truncicolella
eugnorisma_depuncta,Eugnorisma depuncta
eugnorisma_glareosa,Eugnorisma glareosa
eugnorisma_glareosa_form_edda,Eugnorisma glareosa form edda
eugnorisma_glareosa_subsp__glareosa,Eugnorisma glareosa subsp. glareosa
eulia_ministrana,Eulia ministrana
eulithis_mellinata,Eulithis mellinata
eulithis_populata,Eulithis populata
eulithis_prunata,Eulithis prunata
eulithis_testata,Eulithis testata
euphyia_biangulata,Euphyia biangulata
euphyia_unangulata,Euphyia unangulata
eupithecia,Eupithecia
eupithecia_abbreviata,Eupithecia abbreviata
eupithecia_abietaria,Eupithecia abietaria
eupithecia_absinthiata,Eupithecia absinthiata
eupithecia_absinthiata_form_goossensiata,Eupithecia absinthiata form goossensiata
eupithecia_assimilata,Eupithecia assimilata
eupithecia_centaureata,Eupithecia centaureata
eupithecia_distinctaria,Eupithecia distinctaria
eupithecia_distinctaria_subsp__constrictata,Eupithecia distinctaria subsp. constrictata
eupithecia_dodoneata,Eupithecia dodoneata
eupithecia_exiguata,Eupithecia exiguata
eupithecia_exiguata_subsp__exiguata,Eupithecia exiguata subsp. exiguata
eupithecia_expallidata,Eupithecia expallidata
eupithecia_haworthiata,Eupithecia haworthiata
eupithecia_icterata,Eupithecia icterata
eupithecia_icterata_subsp__subfulvata,Eupithecia icterata subsp. subfulvata
eupithecia_indigata,Eupithecia indigata
eupithecia_innotata,Eupithecia innotata
eupithecia_intricata,Eupithecia intricata
eupithecia_intricata_subsp__arceuthata,Eupithecia intricata subsp. arceuthata
eupithecia_intricata_subsp__millieraria,Eupithecia intricata subsp. millieraria
eupithecia_inturbata,Eupithecia inturbata
eupithecia_irriguata,Eupithecia irriguata
eupithecia_lariciata,Eupithecia lariciata
eupithecia_linariata,Eupithecia linariata
eupithecia_nanata,Eupithecia nanata
eupithecia_pimpinellata,Eupithecia pimpinellata
eupithecia_plumbeolata,Eupithecia plumbeolata
eupithecia_pulchellata,Eupithecia pulchellata
eupithecia_pulchellata_subsp__pulchellata,Eupithecia pulchellata subsp. pulchellata
eupithecia_pusillata,Eupithecia pusillata
eupithecia_pusillata_subsp__pusillata,Eupithecia pusillata subsp. pusillata
eupithecia_pygmaeata,Eupithecia pygmaeata
eupithecia_satyrata,Eupithecia satyrata
eupithecia_satyrata_satyrata,Eupithecia satyrata satyrata
eupithecia_satyrata_subsp__callunaria,Eupithecia satyrata subsp. callunaria
eupithecia_simpliciata,Eupithecia simpliciata
eupithecia_subfuscata,Eupithecia subfuscata
eupithecia_subumbrata,Eupithecia subumbrata
eupithecia_succenturiata,Eupithecia succenturiata
eupithecia_tantillaria,Eupithecia tantillaria
eupithecia_tenuiata,Eupithecia tenuiata
eupithecia_tripunctaria,Eupithecia tripunctaria
eupithecia_trisignaria,Eupithecia trisignaria
eupithecia_valerianata,Eupithecia valerianata
eupithecia_venosata,Eupithecia venosata
eupithecia_virgaureata,Eupithecia virgaureata
eupithecia_vulgata,Eupithecia vulgata
eupithecia_vulgata_subsp__scotica,Eupithecia vulgata subsp. scotica
eupithecia_vulgata_subsp__vulgata,Eupithecia vulgata subsp. vulgata
euplexia_lucipara,Euplexia lucipara
eupoecilia_angustana,Eupoecilia angustana
eupoecilia_angustana_angustana,Eupoecilia angustana angustana
eupoecilia_angustana_form_fasciella,Eupoecilia angustana form fasciella
euproctis_chrysorrhoea,Euproctis chrysorrhoea
euproctis_similis,Euproctis similis
eupsilia_transversa,Eupsilia transversa
eurois_occulta,Eurois occulta
euspilapteryx_auroguttella,Euspilapteryx auroguttella
eustroma_reticulata,Eustroma reticulata
euthrix_potatoria,Euthrix potatoria
euxoa_cursoria,Euxoa cursoria
euxoa_nigricans,Euxoa nigricans
euxoa_obelisca,Euxoa obelisca
euxoa_tritici,Euxoa tritici
euzophera_pinguis,Euzophera pinguis
evergestis_forficalis,Evergestis forficalis
evergestis_pallidata,Evergestis pallidata
exapate_congelatella,Exapate congelatella
exoteleia_dodecella,Exoteleia dodecella
falcaria_lacertinaria,Falcaria lacertinaria
fomoria_septembrella,Fomoria septembrella
fomoria_weaveri,Fomoria weaveri
furcula_bicuspis,Furcula bicuspis
furcula_bifida,Furcula bifida
furcula_furcula,Furcula furcula
gandaritis_pyraliata,Gandaritis pyraliata
gelechia_rhombella,Gelechia rhombella
gelechia_sororculella,Gelechia sororculella
geometra_papilionaria,Geometra papilionaria
geometridae,Geometridae
gillmeria_ochrodactyla,Gillmeria ochrodactyla
gillmeria_pallidactyla,Gillmeria pallidactyla
glyphipterix_fuscoviridella,Glyphipterix fuscoviridella
glyphipterix_haworthana,Glyphipterix haworthana
glyphipterix_schoenicolella,Glyphipterix schoenicolella
glyphipterix_simpliciella,Glyphipterix simpliciella
glyphipterix_thrasonella,Glyphipterix thrasonella
gortyna_flavago,Gortyna flavago
gracillaria_syringella,Gracillaria syringella
graphiphora_augur,Graphiphora augur
grapholita_compositella,Grapholita compositella
grapholita_funebrana,Grapholita funebrana
grapholita_janthinana,Grapholita janthinana
grapholita_jungiella,Grapholita jungiella
grapholita_tenebrosana,Grapholita tenebrosana
griposia_aprilina,Griposia aprilina
gymnoscelis_rufifasciata,Gymnoscelis rufifasciata
gynnidomorpha_vectisana,Gynnidomorpha vectisana
gypsonoma_aceriana,Gypsonoma aceriana
gypsonoma_dealbana,Gypsonoma dealbana
gypsonoma_sociana,Gypsonoma sociana
habrosyne_pyritoides,Habrosyne pyritoides
hada_plebeja,Hada plebeja
hadena_bicruris,Hadena bicruris
hadena_confusa,Hadena confusa
hadena_perplexa,Hadena perplexa
hadena_perplexa_capsophila,Hadena perplexa capsophila
hadena_perplexa_perplexa,Hadena perplexa perplexa
hecatera_bicolorata,Hecatera bicolorata
hedya_atropunctana,Hedya atropunctana
hedya_nubiferana,Hedya nubiferana
hedya_ochroleucana,Hedya ochroleucana
hedya_pruniana,Hedya pruniana
hedya_salicella,Hedya salicella
helcystogramma_rufescens,Helcystogramma rufescens
helicoverpa_armigera,Helicoverpa armigera
heliothis_peltigera,Heliothis peltigera
heliozela_hammoniella,Heliozela hammoniella
heliozela_resplendella,Heliozela resplendella
heliozela_sericiella,Heliozela sericiella
hellinsia_osteodactylus,Hellinsia osteodactylus
hellinsia_tephradactyla,Hellinsia tephradactyla
helotropha_leucostigma,Helotropha leucostigma
helotropha_leucostigma_leucostigma,Helotropha leucostigma leucostigma
hemaris_tityus,Hemaris tityus
hemistola_chrysoprasaria,Hemistola chrysoprasaria
hemithea_aestivaria,Hemithea aestivaria
hepialus_humuli,Hepialus humuli
herminia_grisealis,Herminia grisealis
herminia_tarsipennalis,Herminia tarsipennalis
hippotion_celerio,Hippotion celerio
hofmannophila_pseudospretella,Hofmannophila pseudospretella
homoeosoma_nebulella,Homoeosoma nebulella
homoeosoma_sinuella,Homoeosoma sinuella
hoplodrina,Hoplodrina
hoplodrina_blanda,Hoplodrina blanda
hoplodrina_octogenaria,Hoplodrina octogenaria
hoplodrina_octogenaria_blanda,Hoplodrina octogenaria/blanda
horisme,Horisme
horisme_vitalbata,Horisme vitalbata
hydraecia_micacea,Hydraecia micacea
hydraecia_petasitis,Hydraecia petasitis
hydrelia_flammeolaria,Hydrelia flammeolaria
hydrelia_sylvata,Hydrelia sylvata
hydriomena_furcata,Hydriomena furcata
hydriomena_impluviata,Hydriomena impluviata
hydriomena_ruberata,Hydriomena ruberata
hylaea_fasciaria,Hylaea fasciaria
hyles_gallii,Hyles gallii
hyles_livornica,Hyles livornica
hypatima_rhomboidella,Hypatima rhomboidella
hypena_crassalis,Hypena crassalis
hypena_proboscidalis,Hypena proboscidalis
hypenodes_humidalis,Hypenodes humidalis
hypomecis_punctinalis,Hypomecis punctinalis
hyppa_rectilinea,Hyppa rectilinea
hypsopygia_costalis,Hypsopygia costalis
hypsopygia_glaucinalis,Hypsopygia glaucinalis
hysterophora_maculosana,Hysterophora maculosana
idaea,Idaea
idaea_aversata,Idaea aversata
idaea_aversata_ab__remutata,Idaea aversata ab. remutata
idaea_biselata,Idaea biselata
idaea_dimidiata,Idaea dimidiata
idaea_fuscovenosa,Idaea fuscovenosa
idaea_muricata,Idaea muricata
idaea_rusticata,Idaea rusticata
idaea_seriata,Idaea seriata
idaea_straminata,Idaea straminata
idaea_subsericeata,Idaea subsericeata
incurvaria,Incurvaria
incurvaria_masculella,Incurvaria masculella
incurvaria_oehlmanniella,Incurvaria oehlmanniella
incurvaria_pectinea,Incurvaria pectinea
incurvaria_praelatella,Incurvaria praelatella
ipimorpha_subtusa,Ipimorpha subtusa
isotrias_rectifasciana,Isotrias rectifasciana
jodis_lactearia,Jodis lactearia
korscheltellus_fusconebulosa,Korscheltellus fusconebulosa
korscheltellus_fusconebulosa_form_gallicus,Korscheltellus fusconebulosa form gallicus
korscheltellus_lupulina,Korscheltellus lupulina
lacanobia_contigua,Lacanobia contigua
lacanobia_oleracea,Lacanobia oleracea
lacanobia_splendens,Lacanobia splendens
lacanobia_suasa,Lacanobia suasa
lacanobia_thalassina,Lacanobia thalassina
lampronia_corticella,Lampronia corticella
lampronia_fuscatella,Lampronia fuscatella
lampronia_luzella,Lampronia luzella
lampronia_morosa,Lampronia morosa
lampronia_pubicornis,Lampronia pubicornis
lampropteryx_otregiata,Lampropteryx otregiata
lampropteryx_suffumata,Lampropteryx suffumata
laothoe_populi,Laothoe populi
larentia_clavaria,Larentia clavaria
lasiocampa_quercus,Lasiocampa quercus
lasiocampa_quercus_callunae,Lasiocampa quercus callunae
lasiocampa_quercus_quercus,Lasiocampa quercus quercus
lasiocampidae,Lasiocampidae
laspeyria_flexula,Laspeyria flexula
lateroligia_ophiogramma,Lateroligia ophiogramma
lathronympha_strigana,Lathronympha strigana
leptologia_lota,Leptologia lota
leptologia_macilenta,Leptologia macilenta
leucania_comma,Leucania comma
leucania_obsoleta,Leucania obsoleta
leucoma_salicis,Leucoma salicis
leucoptera_laburnella,Leucoptera laburnella
leucoptera_malifoliella,Leucoptera malifoliella
leucoptera_spartifoliella,Leucoptera spartifoliella
ligdia_adustata,Ligdia adustata
limnaecia_phragmitella,Limnaecia phragmitella
lithophane_leautieri,Lithophane leautieri
lithophane_leautieri_hesperica,Lithophane leautieri hesperica
lithophane_ornitopus,Lithophane ornitopus
lithophane_ornitopus_lactipennis,Lithophane ornitopus lactipennis
lithophane_semibrunnea,Lithophane semibrunnea
lithophane_socia,Lithophane socia
lithosia_quadra,Lithosia quadra
litoligia_literosa,Litoligia literosa
lobesia_abscisana,Lobesia abscisana
lobesia_littoralis,Lobesia littoralis
lobesia_reliquana,Lobesia reliquana
lobophora_halterata,Lobophora halterata
lomaspilis_marginata,Lomaspilis marginata
lomographa_bimaculata,Lomographa bimaculata
lomographa_temerata,Lomographa temerata
loxostege_sticticalis,Loxostege sticticalis
lozotaenia_forsterana,Lozotaenia forsterana
luperina_nickerlii_gueneei,Luperina nickerlii gueneei
luperina_testacea,Luperina testacea
lycia_hirtaria,Lycia hirtaria
lycophotia_porphyrea,Lycophotia porphyrea
lygephila_pastinum,Lygephila pastinum
lymantria_monacha,Lymantria monacha
lyonetia_clerkella,Lyonetia clerkella
macaria_alternata,Macaria alternata
macaria_brunneata,Macaria brunneata
macaria_liturata,Macaria liturata
macaria_notata,Macaria notata
macaria_wauaria,Macaria wauaria
macdunnoughia_confusa,Macdunnoughia confusa
macroglossum_stellatarum,Macroglossum stellatarum
macrothylacia_rubi,Macrothylacia rubi
malacosoma_neustria,Malacosoma neustria
mamestra_brassicae,Mamestra brassicae
martania_taeniata,Martania taeniata
matilella_fusca,Matilella fusca
melanchra_persicariae,Melanchra persicariae
melanthia_procellata,Melanthia procellata
menophra_abruptaria,Menophra abruptaria
merrifieldia_baliodactylus,Merrifieldia baliodactylus
merrifieldia_leucodactyla,Merrifieldia leucodactyla
merrifieldia_tridactyla,Merrifieldia tridactyla
mesapamea,Mesapamea
mesapamea_didyma,Mesapamea didyma
mesapamea_secalis,Mesapamea secalis
mesapamea_secalis_agg_,Mesapamea secalis agg.
mesoleuca_albicillata,Mesoleuca albicillata
mesoligia_furuncula,Mesoligia furuncula
mesotype_didymata,Mesotype didymata
mesotype_didymata_didymata,Mesotype didymata didymata
metzneria_lappella,Metzneria lappella
metzneria_metzneriella,Metzneria metzneriella
micropterix_aruncella,Micropterix aruncella
micropterix_aureatella,Micropterix aureatella
micropterix_calthella,Micropterix calthella
micropterix_mansuetella,Micropterix mansuetella
micropterix_tunbergella,Micropterix tunbergella
mimas_tiliae,Mimas tiliae
mirificarma_mulinella,Mirificarma mulinella
mniotype_adusta,Mniotype adusta
mompha_bradleyi,Mompha bradleyi
mompha_conturbatella,Mompha conturbatella
mompha_epilobiella,Mompha epilobiella
mompha_lacteella,Mompha lacteella
mompha_langiella,Mompha langiella
mompha_locupletella,Mompha locupletella
mompha_miscella,Mompha miscella
mompha_ochraceella,Mompha ochraceella
mompha_propinquella,Mompha propinquella
mompha_raschkiella,Mompha raschkiella
mompha_subbistrigella,Mompha subbistrigella
mompha_terminella,Mompha terminella
monochroa_cytisella,Monochroa cytisella
monochroa_lucidella,Monochroa lucidella
monochroa_suffusella,Monochroa suffusella
monochroa_tenebrella,Monochroa tenebrella
monopis_crocicapitella,Monopis crocicapitella
monopis_imella,Monopis imella
monopis_laevigella,Monopis laevigella
monopis_obviella,Monopis obviella
monopis_weaverella,Monopis weaverella
mormo_maura,Mormo maura
myelois_circumvoluta,Myelois circumvoluta
mythimna_conigera,Mythimna conigera
mythimna_ferrago,Mythimna ferrago
mythimna_impura,Mythimna impura
mythimna_impura_subsp__impura,Mythimna impura subsp. impura
mythimna_litoralis,Mythimna litoralis
mythimna_pallens,Mythimna pallens
mythimna_pudorina,Mythimna pudorina
mythimna_straminea,Mythimna straminea
mythimna_turca,Mythimna turca
mythimna_unipuncta,Mythimna unipuncta
mythimna_vitellina,Mythimna vitellina
naenia_typica,Naenia typica
narycia_duplicella,Narycia duplicella
nebula_salicata_subsp__latentaria,Nebula salicata subsp. latentaria
nemapogon_clematella,Nemapogon clematella
nemapogon_cloacella,Nemapogon cloacella
nemapogon_koenigi,Nemapogon koenigi
nematopogon,Nematopogon
nematopogon_metaxella,Nematopogon metaxella
nematopogon_pilella,Nematopogon pilella
nematopogon_schwarziellus,Nematopogon schwarziellus
nematopogon_swammerdamella,Nematopogon swammerdamella
nemaxera_betulinella,Nemaxera betulinella
nemophora_cupriacella,Nemophora cupriacella
nemophora_degeerella,Nemophora degeerella
nemophora_fasciella,Nemophora fasciella
neocochylis_dubitana,Neocochylis dubitana
neofaculta_ericetella,Neofaculta ericetella
neosphaleroptera_nubilana,Neosphaleroptera nubilana
neotelphusa_sequax,Neotelphusa sequax
niditinea_fuscella,Niditinea fuscella
noctua_comes,Noctua comes
noctua_fimbriata,Noctua fimbriata
noctua_interjecta,Noctua interjecta
noctua_interjecta_caliginosa,Noctua interjecta caliginosa
noctua_interjecta_interjecta,Noctua interjecta interjecta
noctua_janthe,Noctua janthe
noctua_pronuba,Noctua pronuba
noctuidae,Noctuidae
nola_confusalis,Nola confusalis
nola_cucullatella,Nola cucullatella
nomophila_noctuella,Nomophila noctuella
nonagria_typhae,Nonagria typhae
notocelia,Notocelia
notocelia_cynosbatella,Notocelia cynosbatella
notocelia_incarnatana,Notocelia incarnatana
notocelia_roborana,Notocelia roborana
notocelia_rosaecolana,Notocelia rosaecolana
notocelia_trimaculana,Notocelia trimaculana
notocelia_uddmanniana,Notocelia uddmanniana
notodonta_dromedarius,Notodonta dromedarius
notodonta_ziczac,Notodonta ziczac
nudaria_mundana,Nudaria mundana
nycteola_revayana,Nycteola revayana
nycterosea_obstipata,Nycterosea obstipata
nymphula_nitidulata,Nymphula nitidulata
ochropacha_duplaris,Ochropacha duplaris
ochropleura_plecta,Ochropleura plecta
ochsenheimeria_taurella,Ochsenheimeria taurella
ochsenheimeria_urella,Ochsenheimeria urella
ocnerostoma_friesei,Ocnerostoma friesei
odezia_atrata,Odezia atrata
odontopera_bidentata,Odontopera bidentata
odontosia_carmelita,Odontosia carmelita
oegoconia,Oegoconia
oidaematophorus_lithodactyla,Oidaematophorus lithodactyla
oinophila_v_flava,Oinophila v-flava
olethreutes_arcuella,Olethreutes arcuella
oligia,Oligia
oligia_fasciuncula,Oligia fasciuncula
oligia_latruncula,Oligia latruncula
oligia_strigilis,Oligia strigilis
oligia_strigilis_agg_,Oligia strigilis agg.
oligia_versicolor,Oligia versicolor
olindia_schumacherana,Olindia schumacherana
operophtera,Operophtera
operophtera_brumata,Operophtera brumata
operophtera_fagata,Operophtera fagata
opisthograptis_luteolata,Opisthograptis luteolata
opostega_salaciella,Opostega salaciella
orgyia_antiqua,Orgyia antiqua
ortholepis_betulae,Ortholepis betulae
orthonama_vittata,Orthonama vittata
orthosia_cerasi,Orthosia cerasi
orthosia_cruda,Orthosia cruda
orthosia_gothica,Orthosia gothica
orthosia_gracilis,Orthosia gracilis
orthosia_incerta,Orthosia incerta
orthosia_miniosa,Orthosia miniosa
orthosia_opima,Orthosia opima
orthosia_populeti,Orthosia populeti
orthotaenia_undulana,Orthotaenia undulana
orthotelia_sparganella,Orthotelia sparganella
ourapteryx_sambucaria,Ourapteryx sambucaria
oxypteryx_atrella,Oxypteryx atrella
palpita_vitrealis,Palpita vitrealis
pammene_aurana,Pammene aurana
pammene_aurita,Pammene aurita
pammene_fasciana,Pammene fasciana
pammene_gallicana,Pammene gallicana
pammene_germmana,Pammene germmana
pammene_ignorata,Pammene ignorata
pammene_obscurana,Pammene obscurana
pammene_populana,Pammene populana
pammene_regiana,Pammene regiana
pammene_rhediella,Pammene rhediella
pancalia_leuwenhoekella,Pancalia leuwenhoekella
pandemis_cerasana,Pandemis cerasana
pandemis_cinnamomeana,Pandemis cinnamomeana
pandemis_corylana,Pandemis corylana
pandemis_dumetana,Pandemis dumetana
pandemis_heparana,Pandemis heparana
panemeria_tenebrata,Panemeria tenebrata
panolis_flammea,Panolis flammea
papestra_biren,Papestra biren
paradarisa_consonaria,Paradarisa consonaria
parapoynx_stratiotata,Parapoynx stratiotata
parascotia_fuliginaria,Parascotia fuliginaria
parasemia_plantaginis,Parasemia plantaginis
parasemia_plantaginis_plantaginis,Parasemia plantaginis plantaginis
parastichtis_suspecta,Parastichtis suspecta
paraswammerdamia_albicapitella,Paraswammerdamia albicapitella
paraswammerdamia_nebulella,Paraswammerdamia nebulella
paratalanta_pandalis,Paratalanta pandalis
parornix,Parornix
parornix_anglicella,Parornix anglicella
parornix_betulae,Parornix betulae
parornix_devoniella,Parornix devoniella
parornix_finitimella,Parornix finitimella
parornix_loganella,Parornix loganella
parornix_scoticella,Parornix scoticella
parornix_torquillella,Parornix torquillella
pasiphila_chloerata,Pasiphila chloerata
pasiphila_debiliata,Pasiphila debiliata
pasiphila_rectangulata,Pasiphila rectangulata
patania_ruralis,Patania ruralis
pediasia_aridella,Pediasia aridella
pelosia_obtusa,Pelosia obtusa
pelurga_comitata,Pelurga comitata
pempelia_palumbella,Pempelia palumbella
pennithera_firmata,Pennithera firmata
perconia_strigillaria,Perconia strigillaria
peribatodes_rhomboidaria,Peribatodes rhomboidaria
peridea_anceps,Peridea anceps
peridroma_saucia,Peridroma saucia
perittia_obscurepunctella,Perittia obscurepunctella
perizoma_affinitata,Perizoma affinitata
perizoma_albulata,Perizoma albulata
perizoma_albulata_albulata,Perizoma albulata albulata
perizoma_alchemillata,Perizoma alchemillata
perizoma_bifaciata,Perizoma bifaciata
perizoma_blandiata,Perizoma blandiata
perizoma_blandiata_blandiata,Perizoma blandiata blandiata
perizoma_flavofasciata,Perizoma flavofasciata
perizoma_minorata,Perizoma minorata
perizoma_minorata_ericetata,Perizoma minorata ericetata
petrophora_chlorosata,Petrophora chlorosata
phalera_bucephala,Phalera bucephala
phaulernis_fulviguttella,Phaulernis fulviguttella
pheosia_gnoma,Pheosia gnoma
pheosia_tremula,Pheosia tremula
phiaris_micana,Phiaris micana
phiaris_palustrana,Phiaris palustrana
phiaris_schulziana,Phiaris schulziana
phibalapteryx_virgata,Phibalapteryx virgata
phigalia_pilosaria,Phigalia pilosaria
philedone_gerningana,Philedone gerningana
philedonides_lunana,Philedonides lunana
philereme_transversata,Philereme transversata
philereme_transversata_britannica,Philereme transversata britannica
philereme_vetulata,Philereme vetulata
phlogophora_meticulosa,Phlogophora meticulosa
photedes_captiuncula,Photedes captiuncula
photedes_captiuncula_expolita,Photedes captiuncula expolita
photedes_captiuncula_subsp__tincta,Photedes captiuncula subsp. tincta
photedes_minima,Photedes minima
phragmatobia_fuliginosa,Phragmatobia fuliginosa
phragmatobia_fuliginosa_borealis,Phragmatobia fuliginosa borealis
phragmatobia_fuliginosa_fuliginosa,Phragmatobia fuliginosa fuliginosa
phtheochroa_inopiana,Phtheochroa inopiana
phtheochroa_sodaliana,Phtheochroa sodaliana
phycita_roborella,Phycita roborella
phycitodes,Phycitodes
phycitodes_binaevella,Phycitodes binaevella
phycitodes_maritima,Phycitodes maritima
phycitodes_saxicola,Phycitodes saxicola
phyllocnistis_unipunctella,Phyllocnistis unipunctella
phyllonorycter,Phyllonorycter
phyllonorycter_acerifoliella,Phyllonorycter acerifoliella
phyllonorycter_anderidae,Phyllonorycter anderidae
phyllonorycter_blancardella,Phyllonorycter blancardella
phyllonorycter_coryli,Phyllonorycter coryli
phyllonorycter_corylifoliella,Phyllonorycter corylifoliella
phyllonorycter_dubitella,Phyllonorycter dubitella
phyllonorycter_emberizaepenella,Phyllonorycter emberizaepenella
phyllonorycter_froelichiella,Phyllonorycter froelichiella
phyllonorycter_geniculella,Phyllonorycter geniculella
phyllonorycter_harrisella,Phyllonorycter harrisella
phyllonorycter_heegeriella,Phyllonorycter heegeriella
phyllonorycter_hilarella,Phyllonorycter hilarella
phyllonorycter_joannisi,Phyllonorycter joannisi
phyllonorycter_junoniella,Phyllonorycter junoniella
phyllonorycter_klemannella,Phyllonorycter klemannella
phyllonorycter_lantanella,Phyllonorycter lantanella
phyllonorycter_lautella,Phyllonorycter lautella
phyllonorycter_leucographella,Phyllonorycter leucographella
phyllonorycter_maestingella,Phyllonorycter maestingella
phyllonorycter_mespilella,Phyllonorycter mespilella
phyllonorycter_messaniella,Phyllonorycter messaniella
phyllonorycter_muelleriella,Phyllonorycter muelleriella
phyllonorycter_nicellii,Phyllonorycter nicellii
phyllonorycter_oxyacanthae,Phyllonorycter oxyacanthae
phyllonorycter_platani,Phyllonorycter platani
phyllonorycter_quercifoliella,Phyllonorycter quercifoliella
phyllonorycter_rajella,Phyllonorycter rajella
phyllonorycter_roboris,Phyllonorycter roboris
phyllonorycter_salicicolella,Phyllonorycter salicicolella
phyllonorycter_sorbi,Phyllonorycter sorbi
phyllonorycter_spinicolella,Phyllonorycter spinicolella
phyllonorycter_stettinensis,Phyllonorycter stettinensis
phyllonorycter_trifasciella,Phyllonorycter trifasciella
phyllonorycter_tristrigella,Phyllonorycter tristrigella
phyllonorycter_ulicicolella,Phyllonorycter ulicicolella
phyllonorycter_ulmifoliella,Phyllonorycter ulmifoliella
phyllonorycter_viminetorum,Phyllonorycter viminetorum
phyllonorycter_viminiella,Phyllonorycter viminiella
phylloporia_bistrigella,Phylloporia bistrigella
phymatopus_hecta,Phymatopus hecta
phytometra_viridaria,Phytometra viridaria
piniphila_bifasciana,Piniphila bifasciana
plagodis_dolabraria,Plagodis dolabraria
plagodis_pulveraria,Plagodis pulveraria
platyptilia_gonodactyla,Platyptilia gonodactyla
platyptilia_isodactylus,Platyptilia isodactylus
plemyria_rubiginata,Plemyria rubiginata
plemyria_rubiginata_plumbata,Plemyria rubiginata plumbata
plemyria_rubiginata_rubiginata,Plemyria rubiginata rubiginata
pleurota_bicostella,Pleurota bicostella
plodia_interpunctella,Plodia interpunctella
plusia_festucae,Plusia festucae
plusia_putnami,Plusia putnami
plusia_putnami_gracilis,Plusia putnami gracilis
plutella_porrectella,Plutella porrectella
plutella_xylostella,Plutella xylostella
poecilocampa_populi,Poecilocampa populi
polia_hepatica,Polia hepatica
polia_nebulosa,Polia nebulosa
polychrysia_moneta,Polychrysia moneta
polymixis_lichenea,Polymixis lichenea
polymixis_lichenea_lichenea,Polymixis lichenea lichenea
polyploca_ridens,Polyploca ridens
prays_fraxinella,Prays fraxinella
prays_ruficeps,Prays ruficeps
pristerognatha_penthinana,Pristerognatha penthinana
prochoreutis_myllerana,Prochoreutis myllerana
prolita_sexpunctella,Prolita sexpunctella
prolita_solutella,Prolita solutella
protodeltote_pygarga,Protodeltote pygarga
protoschinia_scutosa,Protoschinia scutosa
pseudargyrotoza_conwagana,Pseudargyrotoza conwagana
pseudococcyx_turionella,Pseudococcyx turionella
pseudoips_prasinana,Pseudoips prasinana
pseudoips_prasinana_britannica,Pseudoips prasinana britannica
pseudopanthera,Pseudopanthera
pseudopanthera_macularia,Pseudopanthera macularia
pseudoswammerdamia_combinella,Pseudoswammerdamia combinella
pseudotelphusa_paripunctella,Pseudotelphusa paripunctella
pseudoterpna_pruinata,Pseudoterpna pruinata
pseudoterpna_pruinata_atropunctaria,Pseudoterpna pruinata atropunctaria
psoricoptera_gibbosella,Psoricoptera gibbosella
psyche_casta,Psyche casta
psychoides_filicivora,Psychoides filicivora
psychoides_verhuella,Psychoides verhuella
pterapherapteryx_sexalata,Pterapherapteryx sexalata
pterophoridae,Pterophoridae
pterophorus_pentadactyla,Pterophorus pentadactyla
pterostoma_palpina,Pterostoma palpina
ptilodon_capucina,Ptilodon capucina
ptycholoma_lecheana,Ptycholoma lecheana
pyralidae,Pyralidae
pyralis_farinalis,Pyralis farinalis
pyrausta,Pyrausta
pyrausta_aurata,Pyrausta aurata
pyrausta_cingulata,Pyrausta cingulata
pyrausta_despicata,Pyrausta despicata
pyrausta_ostrinalis,Pyrausta ostrinalis
pyrausta_purpuralis,Pyrausta purpuralis
pyropteron_muscaeformis,Pyropteron muscaeformis
pyrrhia_umbra,Pyrrhia umbra
rheumaptera_cervinalis,Rheumaptera cervinalis
rheumaptera_hastata,Rheumaptera hastata
rheumaptera_hastata_hastata,Rheumaptera hastata hastata
rheumaptera_undulata,Rheumaptera undulata
rhigognostis_annulatella,Rhigognostis annulatella
rhigognostis_incarnatella,Rhigognostis incarnatella
rhizedra_lutosa,Rhizedra lutosa
rhodometra_sacraria,Rhodometra sacraria
rhopobota_myrtillana,Rhopobota myrtillana
rhopobota_naevana,Rhopobota naevana
rhopobota_ustomaculana,Rhopobota ustomaculana
rhyacia_simulans,Rhyacia simulans
rhyacionia_buoliana,Rhyacionia buoliana
rhyacionia_pinicolana,Rhyacionia pinicolana
rhyacionia_pinivorana,Rhyacionia pinivorana
rivula_sericealis,Rivula sericealis
roeslerstammia_erxlebella,Roeslerstammia erxlebella
rusina_ferruginea,Rusina ferruginea
saturnia_pavonia,Saturnia pavonia
schrankia_costaestrigalis,Schrankia costaestrigalis
schreckensteinia_festaliella,Schreckensteinia festaliella
scoliopteryx_libatrix,Scoliopteryx libatrix
scoparia,Scoparia
scoparia_ambigualis,Scoparia ambigualis
scoparia_ancipitella,Scoparia ancipitella
scoparia_basistrigalis,Scoparia basistrigalis
scoparia_pyralella,Scoparia pyralella
scoparia_subfusca,Scoparia subfusca
scopula_floslactata,Scopula floslactata
scopula_floslactata_floslactata,Scopula floslactata floslactata
scopula_floslactata_form_floslactata,Scopula floslactata form floslactata
scopula_imitaria,Scopula imitaria
scopula_immutata,Scopula immutata
scopula_marginepunctata,Scopula marginepunctata
scopula_ternata,Scopula ternata
scotopteryx_bipunctaria,Scotopteryx bipunctaria
scotopteryx_chenopodiata,Scotopteryx chenopodiata
scotopteryx_luridata,Scotopteryx luridata
scotopteryx_luridata_plumbaria,Scotopteryx luridata plumbaria
scotopteryx_moeniata,Scotopteryx moeniata
scotopteryx_mucronata,Scotopteryx mucronata
scotopteryx_mucronata_scotica,Scotopteryx mucronata scotica
scotopteryx_mucronata_umbrifera,Scotopteryx mucronata umbrifera
scrobipalpa,Scrobipalpa
scrobipalpa_acuminatella,Scrobipalpa acuminatella
scrobipalpa_artemisiella,Scrobipalpa artemisiella
scrobipalpa_costella,Scrobipalpa costella
scrobipalpa_instabilella,Scrobipalpa instabilella
scrobipalpa_nitentella,Scrobipalpa nitentella
scrobipalpa_obsoletella,Scrobipalpa obsoletella
scrobipalpa_samadensis,Scrobipalpa samadensis
scrobipalpa_samadensis_subsp__plantaginella,Scrobipalpa samadensis subsp. plantaginella
scythris_fallacella,Scythris fallacella
scythris_picaepennis,Scythris picaepennis
scythropia_crataegella,Scythropia crataegella
selenia_dentaria,Selenia dentaria
selenia_lunularia,Selenia lunularia
selenia_tetralunaria,Selenia tetralunaria
selidosema_brunnearia,Selidosema brunnearia
selidosema_brunnearia_scandinaviaria,Selidosema brunnearia scandinaviaria
selidosema_brunnearia_subsp__scandinaviaria,Selidosema brunnearia subsp. scandinaviaria
semioscopis_avellanella,Semioscopis avellanella
semioscopis_steinkellneriana,Semioscopis steinkellneriana
sesia_apiformis,Sesia apiformis
sesia_bembeciformis,Sesia bembeciformis
sideridis_rivularis,Sideridis rivularis
sideridis_turbida,Sideridis turbida
simyra_albovenosa,Simyra albovenosa
smerinthus_ocellata,Smerinthus ocellata
sophronia_semicostella,Sophronia semicostella
sorhagenia_janiszewskae,Sorhagenia janiszewskae
spaelotis_ravida,Spaelotis ravida
sphinx_ligustri,Sphinx ligustri
sphinx_pinastri,Sphinx pinastri
spilonota_laricana,Spilonota laricana
spilonota_ocellana,Spilonota ocellana
spilosoma_lubricipeda,Spilosoma lubricipeda
spilosoma_lutea,Spilosoma lutea
spodoptera_exigua,Spodoptera exigua
spodoptera_littoralis,Spodoptera littoralis
spuleria_flavicaput,Spuleria flavicaput
standfussiana_lucernea,Standfussiana lucernea
stenolechia_gemmella,Stenolechia gemmella
stenoptilia_bipunctidactyla,Stenoptilia bipunctidactyla
stenoptilia_millieridactyla,Stenoptilia millieridactyla
stenoptilia_pterodactyla,Stenoptilia pterodactyla
stenoptilia_zophodactylus,Stenoptilia zophodactylus
sterrhopterix_fusca,Sterrhopterix fusca
stigmella_alnetella,Stigmella alnetella
stigmella_anomalella,Stigmella anomalella
stigmella_assimilella,Stigmella assimilella
stigmella_atricapitella,Stigmella atricapitella
stigmella_aurella,Stigmella aurella
stigmella_betulicola,Stigmella betulicola
stigmella_catharticella,Stigmella catharticella
stigmella_confusella,Stigmella confusella
stigmella_continuella,Stigmella continuella
stigmella_crataegella,Stigmella crataegella
stigmella_floslactella,Stigmella floslactella
stigmella_hemargyrella,Stigmella hemargyrella
stigmella_hybnerella,Stigmella hybnerella
stigmella_lapponica,Stigmella lapponica
stigmella_lemniscella,Stigmella lemniscella
stigmella_luteella,Stigmella luteella
stigmella_magdalenae,Stigmella magdalenae
stigmella_malella,Stigmella malella
stigmella_microtheriella,Stigmella microtheriella
stigmella_myrtillella,Stigmella myrtillella
stigmella_nylandriella,Stigmella nylandriella
stigmella_obliquella,Stigmella obliquella
stigmella_oxyacanthella,Stigmella oxyacanthella
stigmella_paradoxa,Stigmella paradoxa
stigmella_perpygmaeella,Stigmella perpygmaeella
stigmella_plagicolella,Stigmella plagicolella
stigmella_poterii,Stigmella poterii
stigmella_regiella,Stigmella regiella
stigmella_roborella,Stigmella roborella
stigmella_ruficapitella,Stigmella ruficapitella
stigmella_salicis,Stigmella salicis
stigmella_sorbi,Stigmella sorbi
stigmella_speciosa,Stigmella speciosa
stigmella_tiliae,Stigmella tiliae
stigmella_tityrella,Stigmella tityrella
stigmella_trimaculella,Stigmella trimaculella
stilbia_anomala,Stilbia anomala
strophedra_nitidana,Strophedra nitidana
subacronicta_megacephala,Subacronicta megacephala
sunira_circellaris,Sunira circellaris
swammerdamia_caesiella,Swammerdamia caesiella
swammerdamia_pyrella,Swammerdamia pyrella
synanthedon_culiciformis,Synanthedon culiciformis
synanthedon_formicaeformis,Synanthedon formicaeformis
synanthedon_myopaeformis,Synanthedon myopaeformis
synanthedon_scoliaeformis,Synanthedon scoliaeformis
synanthedon_spheciformis,Synanthedon spheciformis
synanthedon_tipuliformis,Synanthedon tipuliformis
syncopacma,Syncopacma
syndemis_musculana,Syndemis musculana
syngrapha_interrogationis,Syngrapha interrogationis
tachystola_acroxantha,Tachystola acroxantha
teleiodes_luculella,Teleiodes luculella
teleiodes_vulgella,Teleiodes vulgella
teleiopsis_diffinis,Teleiopsis diffinis
tethea_ocularis,Tethea ocularis
tethea_ocularis_octogesimea,Tethea ocularis octogesimea
tethea_or,Tethea or
tethea_or_or,Tethea or or
tetheella_fluctuosa,Tetheella fluctuosa
thalpophila_matura,Thalpophila matura
thera,Thera
thera_britannica,Thera britannica
thera_cognata,Thera cognata
thera_juniperata,Thera juniperata
thera_juniperata_juniperata,Thera juniperata juniperata
thera_juniperata_subsp__juniperata,Thera juniperata subsp. juniperata
thera_juniperata_subsp__orcadensis,Thera juniperata subsp. orcadensis
thera_obeliscata,Thera obeliscata
theria_primaria,Theria primaria
tholera_cespitis,Tholera cespitis
tholera_decimalis,Tholera decimalis
thumatha_senex,Thumatha senex
thyatira_batis,Thyatira batis
thyraylia_nana,Thyraylia nana
tiliacea_aurago,Tiliacea aurago
tiliacea_citrago,Tiliacea citrago
timandra_comae,Timandra comae
tinea_pallescentella,Tinea pallescentella
tinea_pellionella,Tinea pellionella
tinea_semifulvella,Tinea semifulvella
tinea_trinotella,Tinea trinotella
tineola_bisselliella,Tineola bisselliella
tischeria_ekebladella,Tischeria ekebladella
tortricidae,Tortricidae
tortricodes_alternella,Tortricodes alternella
tortricoidea,Tortricoidea
tortrix_viridana,Tortrix viridana
triaxomera_fulvimitrella,Triaxomera fulvimitrella
triaxomera_parasitella,Triaxomera parasitella
trichiura_crataegi,Trichiura crataegi
trichoplusia_ni,Trichoplusia ni
trichopteryx_carpinata,Trichopteryx carpinata
trichopteryx_polycommata,Trichopteryx polycommata
trifurcula_immundella,Trifurcula immundella
triodia_sylvina,Triodia sylvina
triphosa_dubitata,Triphosa dubitata
tyria_jacobaeae,Tyria jacobaeae
udea,Udea
udea_ferrugalis,Udea ferrugalis
udea_lutealis,Udea lutealis
udea_olivalis,Udea olivalis
udea_prunalis,Udea prunalis
utetheisa_pulchella,Utetheisa pulchella
venusia_blomeri,Venusia blomeri
venusia_cambrica,Venusia cambrica
watsonalla_binaria,Watsonalla binaria
watsonalla_cultraria,Watsonalla cultraria
xanthia_togata,Xanthia togata
xanthorhoe_biriviata,Xanthorhoe biriviata
xanthorhoe_decoloraria,Xanthorhoe decoloraria
xanthorhoe_decoloraria_decoloraria,Xanthorhoe decoloraria decoloraria
xanthorhoe_designata,Xanthorhoe designata
xanthorhoe_ferrugata,Xanthorhoe ferrugata
xanthorhoe_fluctuata,Xanthorhoe fluctuata
xanthorhoe_fluctuata_fluctuata,Xanthorhoe fluctuata fluctuata
xanthorhoe_fluctuata_thules,Xanthorhoe fluctuata thules
xanthorhoe_montanata,Xanthorhoe montanata
xanthorhoe_montanata_montanata,Xanthorhoe montanata montanata
xanthorhoe_quadrifasiata,Xanthorhoe quadrifasiata
xanthorhoe_spadicearia,Xanthorhoe spadicearia
xenolechia_aethiops,Xenolechia aethiops
xestia_agathina,Xestia agathina
xestia_agathina_agathina,Xestia agathina agathina
xestia_alpicola,Xestia alpicola
xestia_alpicola_alpina,Xestia alpicola alpina
xestia_baja,Xestia baja
xestia_c_nigrum,Xestia c-nigrum
xestia_castanea,Xestia castanea
xestia_ditrapezium,Xestia ditrapezium
xestia_sexstrigata,Xestia sexstrigata
xestia_stigmatica,Xestia stigmatica
xestia_triangulum,Xestia triangulum
xestia_xanthographa,Xestia xanthographa
xylena_exsoleta,Xylena exsoleta
xylena_solidaginis,Xylena solidaginis
xylena_vetusta,Xylena vetusta
xylocampa_areola,Xylocampa areola
yponomeuta,Yponomeuta
yponomeuta_cagnagella,Yponomeuta cagnagella
yponomeuta_evonymella,Yponomeuta evonymella
yponomeuta_malinellus,Yponomeuta malinellus
yponomeuta_padella,Yponomeuta padella
yponomeuta_plumbella,Yponomeuta plumbella
yponomeuta_rorrella,Yponomeuta rorrella
yponomeuta_sedella,Yponomeuta sedella
yponomeutidae,Yponomeutidae
ypsolopha_alpella,Ypsolopha alpella
ypsolopha_dentella,Ypsolopha dentella
ypsolopha_nemorella,Ypsolopha nemorella
ypsolopha_parenthesella,Ypsolopha parenthesella
ypsolopha_scabrella,Ypsolopha scabrella
ypsolopha_sequella,Ypsolopha sequella
ypsolopha_ustella,Ypsolopha ustella
ypsolopha_vittella,Ypsolopha vittella
zeiraphera,Zeiraphera
zeiraphera_griseana,Zeiraphera griseana
zeiraphera_isertana,Zeiraphera isertana
zeiraphera_ratzeburgiana,Zeiraphera ratzeburgiana
zelleria_hepariella,Zelleria hepariella
zelotherses_paleana,Zelotherses paleana
zelotherses_unitana,Zelotherses unitana
zygaena,Zygaena
zygaena_filipendulae,Zygaena filipendulae
zygaena_filipendulae_filipendulae,Zygaena filipendulae filipendulae
zygaena_filipendulae_stephensi,Zygaena filipendulae stephensi
zygaena_lonicerae,Zygaena lonicerae
zygaena_lonicerae_latomarginata,Zygaena lonicerae latomarginata
zygaena_lonicerae_lonicerae,Zygaena lonicerae lonicerae
zygaena_lonicerae_trifolii,Zygaena lonicerae/trifolii
zygaena_trifolii,Zygaena trifolii